<?xml version="1.0" encoding="UTF-8"?><beans xmlns="http://www.springframework.org/schema/beans" xmlns:aop="http://www.springframework.org/schema/aop" xmlns:context="http://www.springframework.org/schema/context" xmlns:jaxrs="http://cxf.apache.org/jaxrs" xmlns:tx="http://www.springframework.org/schema/tx" xmlns:xsi="http://www.w3.org/2001/XMLSchema-instance" xsi:schemaLocation="http://www.springframework.org/schema/beans http://www.springframework.org/schema/beans/spring-beans-4.0.xsd http://www.springframework.org/schema/context http://www.springframework.org/schema/context/spring-context.xsd http://www.springframework.org/schema/tx http://www.springframework.org/schema/tx/spring-tx-3.0.xsd http://www.springframework.org/schema/aop http://www.springframework.org/schema/aop/spring-aop-3.0.xsd  http://cxf.apache.org/jaxrs http://cxf.apache.org/schemas/jaxrs.xsd">
<context:property-placeholder location="classpath*:*.properties"/>
<context:annotation-config/>
<context:component-scan base-package="com.inn.turvo"/>

<tx:annotation-driven/>

<bean class="org.apache.tomcat.jdbc.pool.DataSource" id="dataSource">
<property name="driverClassName" value="${driverClassName}"/>
<property name="url" value="${db.connection.url}"/>
<property name="username" value="${db.connection.username}"/>
<property name="password" value="${db.connection.password}"/>
<property name="maxWait" value="1000"/>
<property name="testOnBorrow" value="true"/>
<property name="validationQuery" value="Select 1"/>
<property name="maxActive" value="${check.out.timeout}"/>
<property name="testWhileIdle" value="true"/>
<property name="defaultAutoCommit" value="true"/>
</bean>

<bean class="org.springframework.orm.jpa.vendor.HibernateJpaVendorAdapter" id="jpaVendorAdapter">
<property name="showSql" value="false"/>
</bean>

<bean class="org.springframework.orm.jpa.LocalContainerEntityManagerFactoryBean" id="entityManagerFactory">
<property name="persistenceUnitName" value="DEFAULT"/>
<property name="dataSource" ref="dataSource"/>
<property name="persistenceXmlLocation" value="classpath:/META-INF/persistence.xml"/>
<property name="packagesToScan" value="com.inn.turvo"/>
<property name="jpaVendorAdapter" ref="jpaVendorAdapter"/>
</bean>

<bean class="com.inn.app23march1.security.spring.context.ContextProvider" id="contextApplicationContextProvider"/>

<bean class="org.springframework.orm.jpa.JpaTransactionManager" name="transactionManager">
<property name="entityManagerFactory" ref="entityManagerFactory"/>
</bean>

<bean class="org.springframework.ui.velocity.VelocityEngineFactoryBean" id="velocityEngine">
<property name="velocityProperties">
<props>
<prop key="velocimacro.library"/>
<prop key="class.resource.loader.class">org.apache.velocity.runtime.resource.loader.ClasspathResourceLoader</prop>
<prop key="resource.loader">class</prop>
</props>
</property>
</bean>

<bean class="org.codehaus.jackson.jaxrs.JacksonJsonProvider" id="jsonProvider">

</bean>

<jaxrs:server address="/">
<jaxrs:providers>
</jaxrs:providers>

<jaxrs:extensionMappings>
<entry key="json" value="application/json"/>
</jaxrs:extensionMappings>
<jaxrs:serviceBeans>
<constructor-arg>
<bean class="java.util.List"/>
</constructor-arg>
<aop:scoped-proxy proxy-target-class="false"/>
</bean>
<bean class="com.inn.turvo.rest.impl.NotificationRestImpl"/>
</jaxrs:serviceBeans>
</jaxrs:server>
</beans>
